ES Absolute,ES Diff from Mean
0.07802254829756561,0.12405426555792982
