VaR Absolute,VaR Diff from Mean
0.04045206869052444,0.08683605155664788
