mu,sigma,nu,Alpha,B1,B2,B3
0.0005336657003982291,0.048548081846314185,4.598293397176762,0.04210054043592558,0.9748886036883782,2.041192115937846,3.1548013748165125
