VaR Absolute,VaR Diff from Mean
0.030920416807415668,0.07694615326028396
