ES Absolute,ES Diff from Mean
0.0772515405002404,0.12290028746640914
