VaR Absolute,VaR Diff from Mean
0.04904218110429365,0.09495108709826254
