Stock,VaR95,ES95,VaR95_Pct,ES95_Pct
A,94.52554750589962,118.15561502587506,0.047262773752949815,0.059077807512937536
B,108.56775669390751,149.601980175456,0.0361892522313025,0.049867326725152
Total,152.70620605601974,199.0716435659107,0.030541241211203947,0.03981432871318214
