mu,sigma,nu
0.04594039839793357,0.0454428462794883,6.336875533308642
