ES Absolute,ES Diff from Mean
0.050467844020052124,0.09649358047292042
